uid,pp,rep,pse,rtype,pause,tt,nint,wpu,wps,nque,nexcl
k17u1vvlstw5jn667k,0.09036144578313253,0.6116504854368932,0.004602991944764097,6.979194100605741,143.28301886792454,7137.0,0,23.714285714285715,11.857142857142858,0,0
k17v62gw3fvq25otp4,0.08955223880597014,0.5581395348837209,0.033381712626995644,5.416233862590889,184.63013698630138,3879.3333333333335,0,22.333333333333332,6.090909090909091,0,0
k17u1zsipsnxrurjhb,0.12698412698412698,0.26,0.03773584905660377,3.253609007797955,307.3510054844607,13332.666666666666,0,7.0,6.3,1,1
k17vpyqoqeg6xnrtt6,0.016666666666666666,0.3333333333333333,0.013559322033898305,2.9455926877097403,339.48467966573816,84404.75,2,5.0,5.0,0,0
k17vqba0a8ompwya2l,0.04926108374384237,0.7203389830508474,0.013618677042801557,2.2561640594796395,443.23017902813297,9706.5,0,33.833333333333336,14.5,0,2
k17u2uwrj3qhno8m8n,0.043478260869565216,0.422680412371134,0.030913978494623656,3.8566947784448304,259.28849557522125,7357.0,0,12.545454545454545,12.545454545454545,0,0
k17z1zdnkqfq5xme36,0.056451612903225805,0.42528735632183906,0.04383116883116883,1.1094778998726453,901.3236363636364,33324.88888888889,0,13.777777777777779,11.272727272727273,0,0
k17ut0qf541s9tqdya,0.0,0.4375,0.007633587786259542,2.929773161874353,341.3203592814371,23706.75,0,3.8333333333333335,3.8333333333333335,0,0
k17yp95ggv7xf9sg46,0.13157894736842105,0.5616438356164384,0.005136986301369863,3.372055589809626,296.5533980582524,9358.857142857143,0,16.285714285714285,8.76923076923077,0,0
k17u3ry7e1xp9rrpwg,0.05263157894736842,0.288135593220339,0.015345268542199489,0.8529693997227848,1172.375,85619.0,0,12.666666666666666,6.909090909090909,0,0
k17x8ecjlhy76csyv,0.10526315789473684,0.29545454545454547,0.11969111969111969,2.3861047835990887,419.0930787589499,9396.0,0,5.181818181818182,5.181818181818182,0,0
k17wijwc1n5djfy3ni,0.056074766355140186,0.6461538461538462,0.01217391304347826,1.119324322967732,893.3961136023917,20418.0,0,17.833333333333332,5.631578947368421,0,0
k17u4tigm55kwimcnu,0.0196078431372549,0.275,0.04391891891891892,2.1877486077963404,457.0859950859951,48976.230769230766,0,3.923076923076923,3.923076923076923,0,0
k17u1kshmez68butl4,0.06741573033707865,0.4126984126984127,0.028384279475982533,1.595257114446149,626.8567208271787,21377.166666666668,0,14.833333333333334,6.846153846153846,0,0
k17uytp172xei8gjob,0.07291666666666667,0.6,0.025477707006369428,3.740775126556115,267.32065217391306,6970.0,0,12.0,8.727272727272727,0,0
k17xg3u8nu9h481img,0.0,0.22727272727272727,0.021897810218978103,1.4773174944695295,676.9,19603.5,0,4.5,4.5,0,0
k17ujzwbal1nle8lv4,0.07258064516129033,0.55,0.01610305958132045,1.2415700217274752,805.4318181818181,58058.857142857145,0,8.857142857142858,7.294117647058823,0,0
k17vq45rh5alce928,0.02127659574468085,0.38235294117647056,0.020491803278688523,0.6339438385535383,1577.426799007444,16967.454545454544,0,4.2727272727272725,4.2727272727272725,0,0
k17u60aziu0hxu8194,0.03875968992248062,0.5,0.02204724409448819,4.401549966461742,227.19269521410578,4164.3,0,12.9,11.727272727272727,0,0
k17vctne1weetyqim,0.06802721088435375,0.8148148148148148,0.24225352112676057,4.1383725449847955,241.64088397790056,20232.5,0,24.5,10.5,0,0
k17u4ftfasufh9xubu,0.03896103896103896,0.3050847457627119,0.016483516483516484,3.8090913677412845,262.52759381898454,5147.25,0,9.625,7.7,0,0
k17v4klngjo3rf7r34,0.056818181818181816,0.41935483870967744,0.009732360097323601,8.18820546232545,122.12258064516129,3044.4166666666665,0,7.333333333333333,7.333333333333333,0,0
k17vr7e2qlo8fbmti,0.09433962264150944,0.43243243243243246,0.1680327868852459,3.712472772042807,269.36224489795916,6281.692307692308,0,4.076923076923077,4.076923076923077,0,0
k17utdv171iv5e2yl,0.02040816326530612,0.3611111111111111,0.00784313725490196,3.863201491995059,258.8526645768025,12548.9375,0,3.0625,3.0625,0,0
k17w3klhbf9u4ze4qg,0.03404255319148936,0.5460526315789473,0.0651840490797546,1.0321870322902509,968.8166666666667,26266.7,0,23.5,13.055555555555555,1,0
k17u1v5jlqo6w0whb8,0.09375,1.0,0.009072580645161291,7.897133282337085,126.62822878228782,9773.0,0,32.0,11.294117647058824,0,0
k17ulzfyqbw1e04xir,0.05555555555555555,0.3333333333333333,0.04522613065326633,3.2311516155758078,309.482905982906,2760.6,0,3.6,3.6,0,0
k17w3b8r45652hn6th,0.08108108108108109,0.4605263157894737,0.021897810218978103,4.1989544325386525,238.15452538631345,9124.2,0,11.1,10.090909090909092,1,1
k17ytvqj6qzjubots,0.04,0.35135135135135137,0.01195219123505976,2.287671035782628,437.1194968553459,72177.91666666667,1,4.166666666666667,4.166666666666667,0,0
k17u22gqbwakegtou2,0.09259259259259259,0.2857142857142857,0.0036900369003690036,2.660303674776023,375.89693593314763,26095.76923076923,0,4.153846153846154,4.153846153846154,0,0
k191ca26lyx7zv1nno,0.0410958904109589,0.2807017543859649,0.035,2.627164884909969,380.6384615384615,8649.818181818182,0,6.636363636363637,6.636363636363637,1,0
k1917o2eal8tp3xgmn,0.04371584699453552,0.4296875,0.0018050541516245488,3.0686612965093976,325.875,14048.875,0,22.875,10.166666666666666,1,0
k191bl8blqb6os4k24,0.04918032786885246,0.32608695652173914,0.22713864306784662,3.22761639695793,309.82616179001724,5556.714285714285,1,8.714285714285714,4.357142857142857,1,1
k1935cblhtgv6zutnn,0.06349206349206349,0.3404255319148936,0.042682926829268296,1.7574127024342379,569.0183066361556,12080.23076923077,0,4.846153846153846,4.846153846153846,0,0
k191fl06w9hy6ib5d3i,0.07563025210084033,0.4691358024691358,0.02607361963190184,2.2509954150579152,444.24455611390283,15314.0,0,10.818181818181818,7.933333333333334,0,0
k195m47ypnwv25e9k,0.10869565217391304,0.1794871794871795,0.17410714285714285,2.66953971389238,374.5919282511211,8026.733333333334,0,3.066666666666667,3.066666666666667,2,0
k1936y2v6wmc5n1sf,0.0297029702970297,0.2948717948717949,0.01773049645390071,2.2286012335727285,448.71031096563013,23001.714285714286,0,14.428571428571429,6.733333333333333,0,0
k1923857e4hcxhq7e,0.13793103448275862,0.11538461538461539,0.014084507042253521,3.1339965744688607,319.0813953488372,2202.0,1,2.9,2.9,0,0
k190zm29bsbomml73o,0.18032786885245902,0.4523809523809524,0.037162162162162164,2.1450628196968626,466.1868131868132,17875.777777777777,0,6.777777777777778,5.545454545454546,0,0
k193425pr7gfnkb6df,0.1590909090909091,0.3333333333333333,0.02030456852791878,3.3772461264791565,296.09541984732823,129067.7,2,4.4,4.4,0,0
k1936t6yve4m7ntkk8,0.0851063829787234,0.2702702702702703,0.00851063829787234,2.122015915119363,471.25,6469.3,0,4.7,4.2727272727272725,0,0
k1925s6ha62guzqi38,0.06493506493506493,0.3275862068965517,0.031914893617021274,2.1969341660289796,455.17977528089887,8300.333333333334,0,8.555555555555555,6.416666666666667,0,0
k195dhr46h7wuanzki,0.0625,0.37142857142857144,0.008888888888888889,2.176966292134831,459.3516129032258,14441.1875,2,3.0,3.0,0,0
k192g1j157kqmqmz6p,0.08695652173913043,0.4838709677419355,0.01762114537444934,3.6267798626255088,275.7202572347267,6471.4,1,4.6,4.181818181818182,2,0
k1910jd43qczc0pmgt,0.02702702702702703,0.12121212121212122,0.011682242990654205,1.2086195206791852,827.3853658536585,54335.416666666664,0,6.166666666666667,5.6923076923076925,0,0
k19272fjbtau8zf9wl,0.08421052631578947,0.3380281690140845,0.10695187165775401,4.128142490491357,242.23970037453182,14079.125,0,11.875,9.5,0,0
k19sc48e38z7x11na,0.0975609756097561,0.1388888888888889,0.6363636363636364,2.2785162302308737,438.8778947368421,15603.117647058823,1,2.411764705882353,2.411764705882353,1,0
k195mh6cgctiu583hr,0.0784313725490196,0.21428571428571427,0.017857142857142856,3.777218189897793,264.7450980392157,16325.027027027027,0,1.3783783783783783,1.3783783783783783,0,0
k1910dpr1ufx3r5mm,0.07692307692307693,0.28169014084507044,0.023346303501945526,1.4105018272410035,708.961038961039,10435.25,0,11.375,9.1,0,0
k1922w7tajdb6znt59,0.055248618784530384,0.5603448275862069,0.033066132264529056,1.875945829646713,533.0644329896908,13527.777777777777,0,20.11111111111111,11.3125,0,0
k1944q5hrnq0n84bx,0.045454545454545456,0.1891891891891892,0.41708542713567837,1.149582131568273,869.8813008130081,31499.416666666668,1,3.6666666666666665,3.6666666666666665,1,0
k1936d6baij6wwfbtc,0.044444444444444446,0.36363636363636365,0.004830917874396135,2.0242545819276008,494.009009009009,6804.888888888889,0,2.5,2.5,1,0
k193l8nz973vauafb,0.06153846153846154,0.5116279069767442,0.0673076923076923,3.518522092073355,284.2102376599634,6229.7692307692305,1,5.0,5.0,0,0
k193bf3jefwlvj8hxp,0.13333333333333333,0.42857142857142855,0.012244897959183673,1.5435424298765668,647.8538961038961,11677.615384615385,0,4.615384615384615,4.615384615384615,0,1
k198291cmm3h60i6up,0.018867924528301886,0.65625,0.014134275618374558,2.3541161363960623,424.78512396694214,22862.1,0,5.3,5.3,0,0
k190yj88x73odwlalf,0.06382978723404255,0.38235294117647056,0.12371134020618557,3.255310828860032,307.18876755070204,137760.375,0,11.75,7.833333333333333,0,0
k1915egvougd7rxm6,0.13636363636363635,0.15789473684210525,0.025252525252525252,1.9668110587335967,508.4331983805668,12627.1,0,4.4,4.4,1,0
k19220p19dc8aabqs,0.10256410256410256,0.21875,0.06030150753768844,3.7329020955461223,267.88808664259926,7146.272727272727,0,3.5454545454545454,3.5454545454545454,0,0
k193kbzt1zfx19e8sk,0.042735042735042736,0.6595744680851063,0.01694915254237288,3.858930124758452,259.13842662632374,14638.5,0,39.0,13.0,0,0
k1934rnqoldv0pwphc,0.05063291139240506,0.3620689655172414,0.052486187845303865,2.1326499194030393,468.90021231422503,10809.454545454546,0,7.181818181818182,7.181818181818182,0,0
k1anavz0hejoam62db,0.013157894736842105,0.788235294117647,5.759009009009009,19.23717521652232,51.98268398268398,661.5,11,12.666666666666666,9.5,0,0
k1914iwhuiyn3xq44o,0.0625,0.11627906976744186,0.05622489959839357,3.581197948811728,279.23617021276596,2982.6666666666665,2,4.0,4.0,0,0
k194aezw2nzy0b2zrg,0.10185185185185185,0.35,0.005405405405405406,6.1581991428452545,162.38513513513513,5111.571428571428,0,15.428571428571429,9.818181818181818,0,0
k193n0de07ey1p8clv9s,0.043859649122807015,0.3103448275862069,0.016474464579901153,1.442141520565415,693.4132231404959,9173.555555555555,1,12.666666666666666,8.142857142857142,1,0
k190ygtu0fqmsgaqfn,0.09090909090909091,0.3968253968253968,0.01279317697228145,1.2984950064672616,770.1165048543689,14608.375,0,11.0,7.333333333333333,0,2
k191j9duccyprhnigi,0.09523809523809523,0.13513513513513514,0.019417475728155338,3.1015979715785127,322.4106463878327,16999.5,0,3.5,3.5,0,0
k194ivrvgpz3b6vdb,0.07692307692307693,0.11428571428571428,0.02577319587628866,1.294437077729368,772.5335365853658,22370.166666666668,0,3.25,3.25,0,0
k191cyebl3j1kvicoa,0.09302325581395349,0.3870967741935484,0.06547619047619048,3.4627059204903783,288.79148936170213,7324.0,0,1.7916666666666667,1.7916666666666667,0,0
k1919par5icm18avgr,0.03614457831325301,0.38333333333333336,0.022727272727272728,1.6838096891929188,593.8913443830571,15742.222222222223,0,9.222222222222221,8.3,0,0
k1923zcax9ogdq6ib4,0.061224489795918366,0.3611111111111111,0.06190476190476191,2.7260850332788116,366.8264150943396,16537.53846153846,0,3.769230769230769,3.5,0,0
k191s3mfllsaq8binl,0.07272727272727272,0.375,0.06028368794326241,4.616784426496523,216.60097323600974,4143.818181818182,1,5.0,3.6666666666666665,0,0
k19109q5fzj4js0iva,0.047058823529411764,0.26865671641791045,0.022727272727272728,2.951544079202577,338.80571428571426,12065.166666666666,0,7.083333333333333,5.666666666666667,0,0
k190yf5muz895w7szm,0.078125,0.20754716981132076,0.006309148264984227,2.121987693653543,471.25069637883007,29771.75,0,5.333333333333333,5.333333333333333,0,0
k192ldoye99ew3bjp,0.022222222222222223,0.25,0.12867647058823528,2.713674591857521,368.5013404825737,5690.6,0,9.0,9.0,0,0
k1911vbvqtxyp01en,0.12195121951219512,0.36666666666666664,0.011764705882352941,1.9990952999372544,500.2226277372263,41957.0,0,3.4166666666666665,3.4166666666666665,2,0
k191000qygjynpgar5,0.08333333333333333,0.2972972972972973,0.008,1.9068280429321762,524.4311377245509,10017.0,0,5.333333333333333,4.363636363636363,0,0
k191r2pcdiylaz0wti,0.09523809523809523,0.5441176470588235,0.08687258687258688,3.1208943633424338,320.4209702660407,14395.5,0,10.5,9.545454545454545,0,0
k190yb5z9dnlmnordo,0.09375,0.6271186440677966,0.016666666666666666,3.1054111658645662,322.0168634064081,9548.1,0,9.6,9.6,0,0
k192p3zh9cw5pa10bo,0.12962962962962962,0.3170731707317073,0.05511811023622047,2.319998237976022,431.0348101265823,20497.6,0,5.4,5.4,0,0
k193l9uhwob8akjd6o,0.08928571428571429,0.36585365853658536,0.06462585034013606,1.7847822845213241,560.289817232376,13194.0,1,5.6,4.666666666666667,0,0
k1922ysesgcmxeoosa,0.125,0.3023255813953488,0.05128205128205128,2.199682778195175,454.6091081593928,9778.4,0,5.6,5.6,1,0
k19339z5c2f8mwxohd,0.05263157894736842,0.05555555555555555,0.011428571428571429,1.7283462900517799,578.5836734693878,4527.2,0,3.8,3.8,0,0
k192o6y5o1ltkawnf,0.08333333333333333,0.36363636363636365,0.0379746835443038,1.935250765933647,516.7212276214834,31880.214285714286,0,4.285714285714286,4.285714285714286,0,0
k190z59lf2x54j08p4,0.06481481481481481,0.35,0.09926470588235294,4.445743278533588,224.93426573426572,7446.25,0,13.5,8.307692307692308,0,4
k190ynn4mrybnwlws,0.05405405405405406,0.7619047619047619,0.028985507246376812,2.4840730231811126,402.5646551724138,16113.75,0,1.5416666666666667,1.5416666666666667,2,0
k1936b5jfzwhthucis,0.07352941176470588,0.3333333333333333,0.005813953488372093,3.497222793663855,285.93771626297575,4624.461538461538,1,5.230769230769231,5.230769230769231,0,0
k193grkb5rs12qu2ps,0.0392156862745098,0.1590909090909091,0.10526315789473684,2.1745672708209964,459.8549107142857,12564.888888888889,2,5.666666666666667,5.1,0,0
k1924cdbinjvlc401r,0.06666666666666667,0.3953488372093023,0.060714285714285714,1.8042232580779995,554.2492668621701,7388.428571428572,0,4.285714285714286,4.285714285714286,0,0
k191mqyu1ghkltnxkh,0.15151515151515152,0.375,0.007246376811594203,1.1521169479082378,867.9674418604651,23430.23076923077,0,2.5384615384615383,2.5384615384615383,0,0
k192f0vkdkhki6i6e6,0.08536585365853659,0.24242424242424243,0.08775981524249422,1.82855320549749,546.8804500703235,21151.0,0,10.25,8.2,0,0
k1910tt4is7n7vs1tg,0.14634146341463414,0.3225806451612903,0.025,2.743174616953861,364.5411392405063,9089.3,0,2.05,2.05,0,0
k193rxm8u8405jm0ae,0.043478260869565216,0.5540540540540541,0.003284072249589491,3.026423000814806,330.4230769230769,19578.0,0,16.428571428571427,10.454545454545455,0,0
k19279arxbfohp7grj,0.1016949152542373,0.5945945945945946,0.05319148936170213,1.6891539632556878,592.0123456790124,10735.0625,0,3.6875,3.6875,0,0
k193xb4mom4gx3ucko,0.04195804195804196,0.5376344086021505,0.04956629491945477,3.092990797908831,323.3059273422562,11125.785714285714,0,5.107142857142857,4.931034482758621,2,0
k1922hbg3u1h77cuao,0.03225806451612903,0.2653061224489796,0.006944444444444444,1.5614335268762913,640.437125748503,7144.733333333334,0,4.133333333333334,4.133333333333334,0,0
k192nboouo3ye0ctr8,0.05319148936170213,0.6785714285714286,0.012605042016806723,1.4469612758570505,691.0991253644315,13522.416666666666,0,7.833333333333333,7.230769230769231,0,0
k190yv8q3fedj5ei2m,0.06382978723404255,0.88,0.038871951219512195,4.186967727024753,238.83568677792042,3210.8333333333335,0,39.166666666666664,16.785714285714285,0,0
k1921du2x9gabaoie,0.057692307692307696,0.35064935064935066,0.08823529411764706,1.2272591212957729,814.8224932249323,49078.5,0,13.0,9.454545454545455,0,0
k191smo7q0c5l6ts5,0.014492753623188406,0.5164835164835165,0.006435006435006435,2.5533193151096425,391.6470588235294,17367.222222222223,2,15.333333333333334,11.5,0,0
k1910zy8dufbgwm0it,0.09230769230769231,0.3829787234042553,0.013289036544850499,2.5624792740646947,390.2470588235294,11021.375,0,8.125,5.909090909090909,0,0
k191zs3hxaxyv56t0i,0.05333333333333334,0.29310344827586204,0.019801980198019802,2.4626041311949236,406.0725126475548,10618.3,0,7.5,7.5,0,0
k1913w665ge2aqk17ub,0.06930693069306931,0.3835616438356164,0.20040080160320642,2.6881035493158714,371.9881516587678,5494.0,0,9.181818181818182,8.416666666666666,0,0
k190ypxspbvzbx083y,0.05223880597014925,0.3958333333333333,0.010723860589812333,6.082339673327673,164.41041666666666,4427.545454545455,0,12.181818181818182,12.181818181818182,0,0
k191xy64qdwenu6c4e,0.08247422680412371,0.3472222222222222,0.14207650273224043,1.6172814918084784,618.321550741163,49087.27272727273,0,8.818181818181818,7.461538461538462,1,0
k1932w6v83kx838nt,0.05357142857142857,0.36585365853658536,0.06666666666666667,1.8663233626005284,535.8107255520505,22237.8125,0,7.0,6.588235294117647,2,0
k191wden81pqngxd4,0.057692307692307696,0.13043478260869565,0.051470588235294115,2.436738519212746,410.38461538461536,14508.333333333334,1,3.466666666666667,3.466666666666667,0,0
k1940mzgiejbqb1xlr,0.03614457831325301,0.38333333333333336,0.04772234273318872,2.736994258334783,365.36430317848414,17059.2,0,8.3,8.3,0,0
k190yn2q7haqzjquny,0.04411764705882353,0.3333333333333333,0.12602739726027398,1.4571958810648036,686.2476894639557,43737.916666666664,0,5.666666666666667,5.666666666666667,0,0
k190z6xuncjnhiruex,0.13924050632911392,0.38596491228070173,0.005291005291005291,2.296713512331164,435.3809523809524,31986.9,0,7.9,7.181818181818182,1,0
k195d08ubv73bhf5cg,0.06666666666666667,0.25,0.05647840531561462,2.2850093984962405,437.6323907455013,21752.6,0,6.0,6.0,0,0
k192fzkd4humfo04ee,0.058823529411764705,0.1724137931034483,0.024242424242424242,1.7694899105046449,565.1346153846154,32065.416666666668,0,2.8333333333333335,2.6153846153846154,0,0
k194zcuftp0tlabfs,0.03571428571428571,0.21739130434782608,0.0044742729306487695,2.1100835054323426,473.9113475177305,14499.636363636364,0,7.636363636363637,6.461538461538462,0,0
k190y5xzu5ikws8t8,0.023809523809523808,0.3548387096774194,0.009523809523809525,2.4752260272188016,404.0,9073.0,0,2.210526315789474,2.210526315789474,0,0
k193ku249jorf4mi68,0.04918032786885246,0.32608695652173914,0.12074303405572756,3.116137857404998,320.91006423982867,46374.416666666664,0,5.083333333333333,5.083333333333333,0,0
k190zzhcspcld6t82l,0.16326530612244897,0.4411764705882353,0.009345794392523364,2.3978354170554206,417.0350194552529,6678.3,1,4.9,4.9,0,0
k19112mmo2z1v3p2e,0.0,2.0384615384615383,0.008298755186721992,7.638902703455409,130.90104166666666,2772.720588235294,1,1.161764705882353,1.161764705882353,0,0
k192olu4yi9e2i55fh,0.1320754716981132,0.325,0.09395973154362416,2.94508072731763,339.5492662473795,9504.90909090909,1,4.818181818181818,4.818181818181818,0,0
k190ytu48nhte1aobp,0.061946902654867256,0.765625,0.06666666666666667,4.732249505347715,211.3121387283237,5851.777777777777,0,12.555555555555555,7.533333333333333,0,6
k193ibzpp7s713fag,0.0962962962962963,0.7532467532467533,0.00315955766192733,1.9950795509950177,501.22752808988764,30040.5,0,13.5,9.642857142857142,0,0
k191362lsuou6ahajh,0.02631578947368421,0.6101694915254238,0.06375545851528384,2.664794395953342,375.2634730538922,8259.9375,0,11.875,7.916666666666667,0,1
k193ubuz9zv3p4ef1l,0.07142857142857142,0.4,0.0047169811320754715,0.28122024740605384,3555.9196787148594,25050.6,0,2.8,2.8,0,0
k1922pq5drw1m15ep,0.10465116279069768,0.43333333333333335,0.055288461538461536,5.767979580601572,173.36659436008676,4276.666666666667,1,9.555555555555555,8.6,0,0
k193cfj7wxjwz8yqnd,0.11864406779661017,0.3409090909090909,0.0763888888888889,1.9382128157671712,515.9392156862746,18704.846153846152,0,4.538461538461538,4.538461538461538,2,0
k193oru8mwlpi1hv6n,0.02127659574468085,0.14634146341463414,0.09649122807017543,2.212891511575125,451.8871794871795,12059.823529411764,0,2.764705882352941,2.473684210526316,0,0
k192y00fqhzzz0a5bf,0.08620689655172414,0.23404255319148937,0.023255813953488372,1.5537915892585712,643.5849802371541,18233.4,0,5.8,5.2727272727272725,0,0
k192sehdp7zwpkt7j,0.0821917808219178,0.19672131147540983,0.43258426966292135,6.6649101749660895,150.03953147877013,1568.9166666666667,1,6.083333333333333,6.083333333333333,0,0
k19289fdcyyb8qbeiuk,0.03571428571428571,0.18309859154929578,0.004008016032064128,2.2118094239465234,452.1111111111111,10047.727272727272,0,7.636363636363637,7.0,0,0
k1acj0kdbdicafjf5u,0.057692307692307696,0.20930232558139536,0.15073529411764705,1.6838173128964133,593.8760504201681,20757.785714285714,0,3.7142857142857144,3.7142857142857144,0,0
k1922rdkm7f7lqk34p,0.07865168539325842,0.3484848484848485,0.04794520547945205,3.0787654998627776,324.805510534846,14287.90909090909,1,8.090909090909092,8.090909090909092,0,0
k1911jwdw71n981gvp,0.075,0.1111111111111111,0.07142857142857142,1.0271074470408386,973.6079734219269,12343.333333333334,0,2.6666666666666665,2.6666666666666665,1,0
k19231qu1lui1fewad,0.0663265306122449,0.4411764705882353,0.012596899224806201,1.7786904211013421,562.2113821138212,10825.636363636364,0,17.818181818181817,17.818181818181817,0,1
k191wcjz96vtfn9xd,0.08163265306122448,0.32432432432432434,0.004405286343612335,2.871922340532733,348.19590643274853,8603.90909090909,0,4.454545454545454,4.454545454545454,0,0
k190yieu7mwkyi28i9,0.11764705882352941,0.25925925925925924,0.17197452229299362,1.8845200611805457,530.6355633802817,11264.7,0,6.8,4.533333333333333,0,0
k191vua3a1uacju0w,0.09523809523809523,0.3125,0.00641025641025641,1.4328688609925426,697.8986615678776,17461.583333333332,0,5.25,4.846153846153846,0,0
k1912zpm7llcdcb02d,0.07272727272727272,0.1956521739130435,0.10801393728222997,2.8256246196853856,353.90191897654586,11755.846153846154,0,4.230769230769231,4.230769230769231,0,0
k19357paz9u7hwz4w3,0.12195121951219512,0.20588235294117646,0.0111731843575419,1.7564272639013436,569.337552742616,24824.2,0,2.7333333333333334,2.411764705882353,0,0
k1947x6vpcw2geol57,0.06097560975609756,0.20588235294117646,0.12441314553990611,3.0831820142390822,324.34024179620036,6119.5,0,10.25,6.3076923076923075,1,1
k190ywe8u8hbp0rnk,0.04225352112676056,0.36538461538461536,0.024024024024024024,6.8555811610482555,145.86486486486487,3067.3076923076924,0,5.461538461538462,5.461538461538462,0,0
k190ypzu6sjygsdnm8,0.043478260869565216,0.13114754098360656,0.2813953488372093,4.656841370890381,214.7378277153558,19841.6,0,4.6,4.3125,2,0
k19146whlbnpmyowad,0.125,0.2,0.034782608695652174,3.0738467756517296,325.3217993079585,5627.153846153846,1,3.6923076923076925,3.6923076923076925,1,0
k191xmoh0yedzjqly,0.11538461538461539,0.7105263157894737,0.049019607843137254,1.5834687300832129,631.5226757369614,58754.666666666664,0,21.666666666666668,10.833333333333334,0,0
k192gksox4m6q63g2r,0.07142857142857142,0.5555555555555556,0.05504587155963303,2.73224043715847,365.99322033898306,6740.5,0,3.5,3.5,0,0
k192np53wy5qua7gsp,0.09090909090909091,0.40425531914893614,0.013157894736842105,1.9737033059530376,506.65588235294115,20055.153846153848,0,5.076923076923077,5.076923076923077,0,0
k190z26fxx66xktmfl,0.058823529411764705,0.19718309859154928,0.014553014553014554,1.9417255240387892,515.0,26554.384615384617,0,6.538461538461538,5.666666666666667,1,0
k191mtwcfv7xs3xt5w,0.0728476821192053,0.6236559139784946,0.0561941251596424,3.299417581070472,303.0830039525692,8000.25,0,18.875,12.583333333333334,0,0
k192o2dgydw8hmgxpx,0.0,0.07547169811320754,0.008522727272727272,3.5584208983966175,281.01960784313724,6481.894736842105,1,3.0,3.0,0,0
k196f0w470wr7wm5u8p,0.02127659574468085,0.8076923076923077,0.00881057268722467,2.1900093857545104,456.6126984126984,7374.807692307692,0,1.8076923076923077,1.8076923076923077,0,0
k1922tqfb308fnm9ji,0.046875,0.3333333333333333,0.02476780185758514,4.062631273053706,246.1416430594901,5763.928571428572,3,4.571428571428571,4.0,0,0
k192ee8kt4x8dru3zd,0.07352941176470588,0.23636363636363636,0.0060790273556231,2.618323115225517,381.9115479115479,5588.076923076923,0,5.230769230769231,5.230769230769231,0,0
k19168lwsv9aox70m,0.15,0.25,0.03314917127071823,2.96918564652207,336.7926829268293,5482.727272727273,0,3.6363636363636362,3.6363636363636362,0,0
k1910856s1o8j9kea,0.07142857142857142,0.4583333333333333,0.32848837209302323,2.626338733114472,380.7581967213115,24004.0,0,5.384615384615385,5.384615384615385,0,0
k191sis64d2cd15xtm,0.15217391304347827,0.35294117647058826,0.03664921465968586,2.3535855173077347,424.87735849056605,8195.583333333334,1,3.8333333333333335,3.8333333333333335,0,0
k1911astbkdgugbteg,0.17142857142857143,0.20689655172413793,0.011976047904191617,2.287915549312561,437.07441860465116,10770.333333333334,1,2.9166666666666665,2.9166666666666665,0,0
k191bswkr7509ak4tn,0.07272727272727272,0.4864864864864865,0.00425531914893617,1.5728595620102752,635.7773722627737,8782.09090909091,0,5.0,5.0,0,0
k192erwrr6o3rkzre,0.056179775280898875,0.2361111111111111,0.039603960396039604,3.8580798193847077,259.1925925925926,8068.888888888889,0,9.88888888888889,7.416666666666667,0,0
k193v9adkc6v7y2p1,0.05202312138728324,0.616822429906542,0.012875536480686695,4.520296387615415,221.2244318181818,11712.333333333334,0,28.833333333333332,9.61111111111111,0,0
k194xx7m9bn7xcy6pt,0.08403361344537816,0.4,0.09302325581395349,4.632346303150673,215.8708891595615,7599.173913043478,0,5.173913043478261,5.173913043478261,1,0
k1935ewtza4h5bcs5o,0.12941176470588237,0.49122807017543857,0.034031413612565446,2.145931653944654,465.99806576402324,7527.2,0,8.5,7.083333333333333,0,0
k1936i0gu0t525anfa,0.04,0.3157894736842105,0.020066889632107024,0.716056866258656,1396.5371287128712,22076.0,0,4.166666666666667,4.166666666666667,0,0
k190ywsl94hhzmofg,0.07692307692307693,0.20930232558139536,0.14227642276422764,3.8817151975374307,257.61224489795916,59808.0,1,3.466666666666667,3.466666666666667,0,0
k191ytpicqu71yggx9h,0.04929577464788732,0.5955056179775281,0.4272363150867824,1.533673665009396,652.0284431137725,17526.4,0,14.2,9.466666666666667,0,0
k194cpqnxqnzdcjqf,0.14285714285714285,0.3333333333333333,0.0035460992907801418,1.6536384988124768,604.7250996015936,15904.0,1,3.7333333333333334,3.7333333333333334,1,0
k1934yssnxfsg6ks5e,0.03409090909090909,0.3333333333333333,0.005649717514124294,3.5983117110458447,277.88468468468466,19386.11111111111,0,9.777777777777779,8.8,0,0
k193izn0ina5957lko,0.10204081632653061,0.2894736842105263,0.004366812227074236,1.857137944079513,538.4629629629629,12669.944444444445,0,2.7222222222222223,2.7222222222222223,0,0
k1915sbls3y435g5v8,0.06818181818181818,0.35384615384615387,0.0024154589371980675,3.4266762026768944,291.82798165137615,4654.2,0,8.8,8.8,0,0
k190znxr8bkt8463yk,0.06896551724137931,0.4146341463414634,0.009584664536741214,2.4004110402851593,416.5886287625418,12851.297297297297,0,1.5675675675675675,1.5675675675675675,0,0
k191vc1hzze9apdbhm,0.09090909090909091,0.34146341463414637,0.3225806451612903,3.6484964035011695,274.0855106888361,3907.9166666666665,5,4.583333333333333,4.230769230769231,0,0
k1919pgshq76l7bdcl,0.10256410256410256,0.14705882352941177,0.10382513661202186,3.828521664831824,261.19742489270385,6481.181818181818,0,3.5454545454545454,3.5454545454545454,1,0
k1928t0goloocht51,0.044444444444444446,0.36363636363636365,0.029556650246305417,1.7752858688440318,563.2861952861953,14295.727272727272,0,4.090909090909091,3.75,0,0
k195d49rfuau2r8x0fh,0.07317073170731707,0.17142857142857143,0.004878048780487805,1.2406708312011818,806.0155642023346,25490.833333333332,0,3.4166666666666665,3.4166666666666665,0,0
k191dktlr3fq18om2h,0.0,0.5,0.030303030303030304,2.326464723198177,429.8326530612245,6337.25,1,3.5,3.5,0,0
k194hyi6b3zulnm3yd,0.05555555555555555,0.5,0.014778325123152709,3.969982327821416,251.8877679697352,24189.454545454544,0,6.545454545454546,6.0,0,0
k1910ox6v8w5edz3iw,0.06818181818181818,0.375,0.05825242718446602,3.774029956362779,264.9635416666667,6039.45,0,2.2,1.9130434782608696,1,0
k192gfz8kyypto8r1b,0.0945945945945946,0.23333333333333334,0.11528822055137844,4.271020243119614,234.1360946745562,12191.714285714286,0,10.571428571428571,7.4,0,1
k19348gmk5hbh7d8yp,0.07042253521126761,0.2033898305084746,0.01282051282051282,4.4952388597345,222.45758928571428,7059.333333333333,0,7.888888888888889,7.1,0,1
k191pkxurzfukds57k,0.15,0.48148148148148145,0.005208333333333333,2.60690601417791,383.5921052631579,6712.9,0,4.0,3.6363636363636362,0,0
k190z4brit6x8pn8md,0.0,0.41379310344827586,0.012269938650306749,3.6149336249582307,276.6302521008403,8356.047619047618,1,1.9523809523809523,1.9523809523809523,0,0
k1910q4wz5dqnqsy2,0.0,0.84,0.019704433497536946,4.1945999138938435,238.4017595307918,10037.75,0,1.6428571428571428,1.5862068965517242,0,0
k19rrsa5yarf8oqyzd,0.05952380952380952,0.2923076923076923,0.02004008016032064,2.535188230911123,394.44444444444446,12429.538461538461,0,6.461538461538462,6.461538461538462,2,0
k1910hu4zv74aixv9f,0.0875,0.5841584158415841,0.043316831683168314,3.9152571882338454,255.4110629067245,7194.833333333333,0,26.666666666666668,11.428571428571429,0,0
